TAZ,Poly,Area,Weight,GenEdge,PedEdge
-2051,-180295,1371,0.0069678442374250995,--178442#2,--178442#2
-2051,-179225,1192,0.006058111109417008,-177984#4,--181129#1
-2051,-178032,318,0.0016161739369082288,-179350#8,-179001
-2051,-177443,320,0.0016263385528636264,-178920,-178920
-2051,-179158,755,0.0038371425231626187,-180409#0,-180409#0
-2051,-179718,344,0.0017483139443283985,-181223#1,-181223#1
-2051,-177760,38,0.00019312770315255563,-181571#12,-180703#0
-2051,-180026,1829,0.009295541291211165,--181558#0,--178316#1
-2051,-177955,1062,0.00539741107231616,-180694#2,-178006#6
-2051,-177818,233,0.001184177758803828,-178172#0,-181655
-2051,-180520,119,0.0006047946493461611,--180340#0,--180340#0
-2051,-179251,775,0.003938788682716595,--178442#0,--180065
-2051,-178572,344,0.0017483139443283985,-180340#0,-180340#0
-2051,-180464,30,0.00015246923933096498,--180340#0,--180340#0
-2051,-178524,726,0.0036897555918093522,-178028#6,-177493#1
-2051,-177319,927,0.004711299495326818,--181628#8,--181628#8
-2051,-181612,1030,0.005234777217029797,-179493#6,-177725#1
-2051,-177365,329,0.0016720793246629158,-179384#1,-179474#0
-2051,-179545,344,0.0017483139443283985,-178167#1,-178167#1
-2051,-178451,201,0.0010215439035174652,-181674#1,-178811
-2051,-177772,4241,0.02155406813342075,--179384#1,-178921#0
-2051,-180233,832,0.0042284802374454285,-179602,-179602
-2051,-179616,663,0.003369570189214326,--178442#2,--178442#2
-2051,-178984,1451,0.0073744288756410065,-180694#4,-180879#3
-2051,-180590,2812,0.014291450033289117,-179651#14,-180586#14
-2051,-177778,1393,0.007079655012934474,-179353#5,-179353#5
-2051,-178830,305,0.001550103933198144,-180694#5,-180879#4
-2051,-181347,288,0.0014637046975772639,-181674#1,-178811
-2051,-180017,205,0.0010418731354282606,-180619#1,-180619#1
-2051,-180572,769,0.003908294834850402,-180067#6,--178049
-2051,-179477,352,0.001788972408149989,-181223#1,-181223#1
-2051,-180171,555,0.002820680927622852,--180340#0,--180340#0
-2051,-179447,1400,0.007115231168778366,-179353#5,-179353#5
-2051,-177429,1648,0.008375643547247676,-179353#5,-179353#5
-2051,-177436,1538,0.007816589669700804,-180694#4,-177855
-2051,-180480,319,0.0016212562448859277,-181674#1,-178811
-2051,-178479,296,0.0015043631613988544,-181571#6,-179269#0
-2051,-179212,721,0.003664344051920858,-180694#4,-179657#0
-2051,-181462,581,0.002952820935043022,-179353#2,-179353#2
-2051,-177942,184,0.0009351446678965852,-181674#0,-181674#0
-2051,-181382,310,0.0015755154730866382,-180619#1,-180619#1
-2051,-178341,126,0.0006403708051900529,-180803,-178811
-2051,-179999,4335,0.02203180508332444,--177476#1,--177476#1
-2051,-181588,221,0.001123190063071442,--180619#0,--180619#0
-2051,-178347,936,0.004757040267126107,-180694#4,-178986#1
-2051,-180066,701,0.003562697892366882,-178537#5,--181129#1
-2051,-180172,871,0.004426690248575683,-179602,-179602
-2051,-178868,336,0.0017076554805068077,--180340#0,--180340#0
-2051,-179981,3298,0.01676145171045075,-179771,-180516
-2051,-178878,599,0.0030443024786416008,-180694#5,-180879#4
-2051,-179458,7603,0.03864078755444422,--178028#0,--178028#0
-2051,-181501,728,0.00369992020776475,--178182#0,-177986#0
-2051,-178775,359,0.001824548563993881,-179353#2,-179353#2
-2051,-178569,1074,0.005458398768048546,-178534#8,-178534#8
-2051,-178513,154,0.0007826754285656202,-181674#1,-178811
-2051,-179635,456,0.0023175324378306677,-180067#5,-181655
-2051,-179481,152,0.0007725108126102225,-179505#2,-179505#2
-2051,-181369,473,0.0024039316734515478,-180067#5,--180793
-2051,-179707,1376,0.006993255777313594,-177984#7,-177984#7
-2051,-179686,208,0.0010571200593613571,-178810#4,-181655
-2051,-180063,263,0.001336646998134793,-181571#4,-179776#0
-2051,-178595,894,0.004543583332062756,-178028#3,-178028#3
-2051,-179949,490,0.002490330909072428,-180234#5,-178620#2
-2051,-181015,309,0.0015704331651089393,-181223#1,-181223#1
-2051,-179055,344,0.0017483139443283985,-181223#1,-181223#1
-2051,-177338,3258,0.016558159391342798,--180038#0,--180038#0
-2051,-177571,2084,0.010591529825524366,-178970#10,-178837#1
-2051,-177337,344,0.0017483139443283985,-181223#1,-181223#1
-2051,-178351,289,0.0014687870055549626,-181674#1,-178811
-2051,-181041,426,0.002165063198499703,-180067#5,--180793
-2051,-180305,513,0.0026072239925595013,-178810#4,--178049
-2051,-179561,1247,0.006337638048190444,-179353#2,-179353#2
-2051,-178455,111,0.0005641361855245704,-180870#1,-179717
-2051,-180666,344,0.0017483139443283985,-181223#1,-181223#1
-2051,-179015,892,0.004533418716107358,-180409#3,-180409#3
-2051,-178801,1317,0.006693399606629362,-180694#0,-180879#0
-2051,-178654,328,0.0016669970166852172,--180619#0,--180619#0
-2051,-179258,6571,0.03339584572145903,-180067#6,-179819#3
-2051,-180036,7152,0.03634866665650205,-178057#13,-178787#0
-2051,-180951,663,0.003369570189214326,-181558#0,-181442
-2051,-177616,503,0.0025564009127825127,-179104,-179104
-2051,-179405,1439,0.0073134411799086205,-178172#8,-178068#2
-2051,-180679,1221,0.006205498040770275,-179493#2,-179085#1
-2051,-180143,176,0.0008944862040749945,-181674#1,-178811
-2051,-178700,344,0.0017483139443283985,-180340#0,-180340#0
-2051,-178551,160,0.0008131692764318132,-177940#8,-177940#8
-2051,-177526,998,0.005072143361743435,-177984#1,-177679
-2051,-178518,202,0.0010266262114951641,-180694#5,-180879#4
-2051,-180367,4920,0.025004955250278255,-180067#6,-179819#3
-2051,-177305,344,0.0017483139443283985,-180340#0,-180340#0
-2051,-181600,850,0.004319961781044008,--180409#6,--180409#6
-2051,-178111,925,0.00470113487937142,--181628#5,-180646#2
-2051,-178710,10,5.0823079776988324e-05,-178537#0,-177873#4
-2051,-179591,542,0.0027546109239127673,-178537#5,-181129#1
-2051,-181247,411,0.00208882857883422,--180619#1,--180619#1
-2051,-180433,294,0.0014941985454434569,-177940#10,-177940#10
-2051,-179912,4432,0.022524788957161226,--178028#3,--178028#3
-2051,-180461,1057,0.005371999532427666,-179493#0,-179085#2
-2051,-179593,700,0.003557615584389183,-179537#2,-179537#2
-2051,-177978,358,0.001819466256016182,-181223#1,-181223#1
-2051,-179821,344,0.0017483139443283985,-181223#1,-181223#1
-2051,-178465,1420,0.007216877328332342,--178182#0,-177986#0
-2051,-181226,5064,0.025736807599066887,--179602,--179602
-2051,-180109,248,0.0012604123784693104,-180038#0,-180038#0
-2051,-180560,260,0.0013214000742016966,-178810#4,--179086#0
-2051,-179432,344,0.0017483139443283985,-180340#0,-180340#0
-2051,-180176,2567,0.013046284578752903,--178182#0,-181648#0
-2051,-180852,344,0.0017483139443283985,-181223#1,-181223#1
-2051,-177981,21,0.00010672846753167548,-179350#3,-177873#1
-2051,-180993,288,0.0014637046975772639,-180619#1,-180619#1
-2051,-179653,312,0.0015856800890420358,-178920,-178920
-2051,-177996,1641,0.008340067391403784,-179353#5,-179353#5
-2051,-180862,223,0.0011333546790268396,-178810#4,--179086#0
-2051,-179896,890,0.004523254100151961,-179384#1,-180389
-2051,-177664,726,0.0036897555918093522,-178702#1,-179639
-2051,-180434,604,0.003069714018530095,-180409#0,-180409#0
-2051,-180711,211,0.0010723669832944536,-177940#7,-177940#7
-2051,-179652,198,0.0010062969795843688,-178810#4,--178049
-2051,-180749,1128,0.005732843398844283,--180234#7,--180234#7
-2051,-177611,1084,0.0055092218478255345,-181571#6,-180865
-2051,-180383,3716,0.01888585644512886,-178057#14,--178787#0
-2051,-178071,3329,0.016919003257759413,-177580#4,-177580#4
-2051,-179611,215,0.001092696215205249,-181674#0,-178811
-2051,-179636,241,0.0012248362226254187,-178421#1,-178421#1
-2051,-180909,207,0.0010520377513836584,-180067#5,--180793
-2051,-177843,6698,0.03404129883462678,-180067#12,-180583#0
-2051,-179219,344,0.0017483139443283985,-180340#0,-180340#0
-2051,-178656,758,0.003852389447095715,-181628#3,-181628#3
-2051,-178555,344,0.0017483139443283985,-181223#1,-181223#1
-2051,-179381,487,0.0024750839851393315,-180067#6,--180793
-2051,-179921,45,0.00022870385899644745,--180340#0,--180340#0
-2051,-178749,217,0.0011028608311606466,-178172#0,-181655
-2051,-180004,1059,0.005382164148383064,-180694#0,-177946#0
-2051,-180486,358,0.001819466256016182,-181674#1,-178811
-2051,-180399,242,0.0012299185306031174,-180619#1,-180619#1
-2051,-180716,135,0.0006861115769893424,-178172#16,-179589#2
-2051,-181027,5402,0.027454627695529095,--178028#2,--179139
-2051,-180573,36,0.00018296308719715799,-181571#4,-179776#0
-2051,-179918,214,0.00108761390722755,-180340#0,-180340#0
-2051,-180483,344,0.0017483139443283985,-181223#1,-181223#1
-2051,-181515,358,0.001819466256016182,-177940#10,-177940#10
-2051,-178178,1525,0.00775051966599072,-178702#1,-177862
-2051,-179048,13248,0.06733041608855414,-178172#5,-181687#4
-2051,-180024,1153,0.0058599010982867536,-178534#2,-180680#4
-2051,-180016,2021,0.01027134442292934,--177580#5,--177580#5
-2051,-178198,862,0.004380949476776394,-178172#8,-177946#0
-2051,-178382,303,0.0015399393172427463,-177940#9,-177940#9
-2051,-181358,343,0.0017432316363506996,-180340#0,-180340#0
-2051,-179923,316,0.0016060093209528312,-178537#6,-178305
-2051,-180747,206,0.0010469554434059595,-178810#4,--178049
-2051,-179129,628,0.0031916894099948668,--181223#1,--181223#1
-2051,-181184,2179,0.011074349083405757,-180067#6,--178787#0
-2051,-180484,3208,0.016304043992457856,--178442#2,--178442#2
-2051,-180085,724,0.003679590975853955,-179338,-179338
-2051,-180343,726,0.0036897555918093522,-178028#6,-179639
-2051,-181175,5768,0.029314752415366865,-181628#5,-181200
-2051,-180929,19,9.656385157627781e-05,-179350#8,-179763
-2051,-179535,189,0.0009605562077850794,-181674#1,-178811
-2051,-179214,229,0.0011638485268930328,--180619#0,--180619#0
-2051,-180940,250,0.0012705769944247082,-181223#1,-181223#1
-2051,-179437,339,0.0017229024044399042,-178537#6,-178047#1
-2051,-179383,170,0.0008639923562088016,-181674#1,-178811
-2051,-180906,21,0.00010672846753167548,-179350#3,-177873#2
-2051,-178838,949,0.004823110270836192,-180038#0,-180038#0
-2051,-179742,447,0.002271791666031378,-180843#10,-180843#10
-2051,-178293,3878,0.019709190337516072,-180694#2,-177946#2
-2051,-181099,182,0.0009249800519411875,-181674#1,-178811
-2051,-181274,344,0.0017483139443283985,-180340#0,-180340#0
-2051,-178527,83,0.0004218315621490031,-180843#6,-178980#1
-2051,-177527,288,0.0014637046975772639,-180340#0,-180340#0
-2051,-178231,344,0.0017483139443283985,-180340#0,-180340#0
-2051,-180425,434,0.002205721662321293,-179353#2,-179353#2
-2051,-180354,110,0.0005590538775468715,-180803,-178811
-2051,-179518,414,0.002104075502767317,-180619#0,-180935#1
-2051,-180900,391,0.0019871824192802434,--180619#1,--180619#1
-2051,-179370,344,0.0017483139443283985,-181223#1,-181223#1
-2051,-180884,2600,0.013214000742016965,--181558#0,-177787
-2051,-177734,1352,0.006871280385848822,-178534#2,-180680#4
-2051,-181089,668,0.0033949817291028203,--179384#1,-181442
-2051,-180189,1959,0.009956241328312012,-180067#6,-181380#1
